{"flesch_kincaid_grade": 22.399411764705878, "flesch_reading_easy": -21.200294117647076, "coleman_liau_index": 24.158176470588238, "smog_index": 34.291641315801435, "automated_readability_index": 24.158176470588238, "lix": 92.8235294117647, "ttr": 0.9705882352941176, "rttr": 5.6594533097027915, "cttr": 4.001837813099494, "httr": 0.9915343417267494, "sttr": 0.9800539190628318, "mttr": 0.0055277667743545, "dttr": 180.90488271672317, "mattr": 0.9705882352941176, "msttr": 0.9705882352941176, "mtld": 323.67999999999995, "mamtld": 1.0, "hdd": -1, "simpson_index": 561.0, "hapax_index": 5053.880426239446}